boxes,ids,box_per_frame,mean_len,short_frac,ids_per_100box,video,tracker,conf,iou,frames,sec
2924,19,9.75,153.9,0.158,0.65,video_2,bytetrack,0.3,0.5,300,15.3
3622,35,12.07,103.5,0.171,0.966,video_2,ocsort,0.3,0.5,300,15.7
3503,32,11.68,109.5,0.219,0.914,video_2,botsort,0.3,0.5,300,29.8
3602,36,12.01,100.1,0.25,0.999,video_2,strongsort,0.3,0.5,300,30.3
3623,35,12.08,103.5,0.171,0.966,video_2,deepocsort,0.3,0.5,300,31.2
3914,29,13.05,135.0,0.069,0.741,video_2,botsort,0.15,0.5,300,30.3
2366,18,7.89,131.4,0.222,0.761,video_2,botsort,0.5,0.5,300,28.3
3496,31,11.65,112.8,0.194,0.887,video_2,botsort,0.3,0.4,300,30.6
3638,34,12.13,107.0,0.206,0.935,video_2,botsort,0.3,0.7,300,29.9
